{"cameraMode":{"drawMode":0,"name":"Shaded","section":"Shading Mode"},"sceneLighting":true,"audioPlay":false,"sceneViewState":{"m_AlwaysRefresh":false,"showFog":true,"showSkybox":true,"showFlares":true,"showImageEffects":true,"showParticleSystems":true,"showVisualEffectGraphs":true,"m_FxEnabled":true},"in2DMode":false,"pivot":{"x":-61.96792984008789,"y":-26.993555068969728,"z":93.82511901855469},"rotation":{"x":0.010963204316794873,"y":-0.9084267616271973,"z":0.41752249002456667,"w":0.024327559396624566},"size":103.89439392089844,"orthographic":false}